text,label,notes,,,
"""Someone explain to me how so many people are convinced that Brunson will be unstoppable this series after we watched a better player in SGA struggle against the spurs?""",hot_take,"Because the post is primarily:

challenging a belief
implying “people are wrong”
using a comparison as persuasion, not explanation","""analysis""",66,200
"""The pieces around him are a threat too giving Vrunson more room to play his game.""",analysis,Explains a cause-effect relationship between supporting players and Brunson's effectiveness.,hot_take,69,
"""They’re comparable enough. The Spurs have been challenged these playoffs and the Knicks have no answer for Wemby. The Knicks might be the 3rd best team San Antonio will face these playoffs""",analysis,Provides matchup-based reasoning and playoff context before reaching a conclusion.,reaction,65,
"""On one hand the Knicks are one of the hottest teams in the playoffs ever. On the other hand the Knicks were a very mediocre/good team in a weak conference and were down 1-2 to the Hawks. IMO while their streak is impressive it also came against teams that weren't great and then completely capitulated in the later games. Its likelier the Knicks are still that mediocre/good team rather some all time great team. I thought the Knicks would make the finals and argued with people that thought they would lose to Philly or Cleveland. So I dont have any hate toward the Knicks or what they have done. We have seen teams get hot in the playoffs and then flame out. Cavaliers did that in the seasons they lost to the warriors. The Thunder were 8-0 heading into the WCF and lost to us. The Spurs back in 2012 were red hot and started off 10-0 in the playoffs only to get back door swept by the Thunder. I think the Spurs win the series but hard to say how many games. I keep thinking 5 games but it doesnt really matter the amount. I think the Spurs handle the Knicks in San Antonio and all the momentum/hype they currently have will be gone by the weekend. I felt confident the Spurs would get past the Thunder and feel even more confident they arent going to lose a 7 game series to the Knicks when they have home court and have played better basketball through the entirety of the season.""",analysis,"Most of the comment explains why playoff momentum may be misleading using examples, comparisons, and historical precedent.",,,
"""knicks are mediocre/good team in a weak conference. This is just straight up bias and wrong. Im a GSW fan but I live in NY so I've always liked the knicks also, and these last three years the teams improved significantly. Theyre a great team and they got here based on their skill. That said im not sure how it'll go. I dont expect a sweep in either direction but I also dont think its going to go 4-3 either. All I care about is good games and a good series.""",analysis,Rebuts a claim by explaining team improvement and attributing success to performance rather than conference weakness.,,,
"""They have improved but it doesn't change the fact that the conference is weak. The teams they beat would be borderline playoff teams in the west. Up until they turned it around the against the hawks down 2-1 they were very mediocre/good for the season but not great by any means. Also it's not their fault the conference sucks. I fully expected them to wipe the floor of Philly and especially Cleveland because those teams are just completely mediocre. I don't think their 10 game stretch undoes who they were the other 85 games they played. No one was saying the Knicks were a great team, heck a lot of people in NY were giving up on them through the season and against the hawks and I know this because I follow the Knicks because all my other teams are NY (Jets/Mets)""",analysis,"Uses conference comparisons, sample-size reasoning, and season-long performance to support the conclusion.",,,
"""You beat the thunder in 7 games without 2/3 strongest offensive players. Your route to the finals was no stronger or weaker than the Knicks. The 76ers beat the Celtics and the Cavs beat the pistons, and the Knicks swept both of them. The Knicks have had the spurs number for the past two seasons, dropping what, 1-2 games over the last two years? Spurs are not winning in 5, this is a toss up and it entirely depends on if Wemby is truly good enough to 1v5 the Knicks, because there isn’t a single other player on the spurs who are better than the Knicks players""",analysis,"Provides multiple supporting points about injuries, playoff paths, and roster strength before reaching a prediction.",,,
"""The Thunder were 39-10 and 8-0 without Williams. He was barely a part of their season. The Spurs also didnt have Fox for games 1 or 2. The 76ers and Cavaliers would be borderline playoff teams in the West. You cant be serious thinking they are of the same level of the teams the Spurs played. Who cares about regular season games? Wemby played 25 minutes in half those games. Hardly true, Castle, Harper, Fox are not good? I mean come on. Spurs in 5 and if the Knicks are lucky Spurs in 6 or 7 Check back when its done""",analysis,"Uses statistics, injury context, and matchup arguments to support a conclusion.",,,
"""Dylan Harper was so impactful in game 7. The spurs need to target Mobley type player in this upcoming draft and next year""",hot_take,Evaluates a player and recommends a roster move without explaining why that archetype is needed.,,,
"""I know that looking at regular season matchups can be a fool's errand, but it's interesting to look back on this matchup in the regular season. In a narrow win and the Cup loss, Wemby only played 24 minutes. But then the Spurs also got blown out in March when he played 34 minutes: Spurs vs Knicks, March 1, 2026 | Basketball-Reference.com In the losses, the Spurs lost the rebounding battle by double digits. In the game the Spurs won, Mitchell Robinson did not play. I think he's the X-factor here, and the Spurs will likely intentionally foul him to try to get him out of the game and off the glass. We'll see how Mike Brown handles that. If his finger injury makes his FT shooting somehow even worse that will make things interesting.""",analysis,"Uses statistics, matchup evidence, and strategic reasoning to explain a potential series factor.",,,
"""I think you should avoid bandwagoning on a team like the Spurs or Knicks because part of the joy of sports fandom you're missing out on is watching young guys and getting excited and having hope and having it actually pay off. If you want a team that's probably about to start trying to win, maybe the Jazz? Or if you want a team that's closer to actually winning, the Pistons?""",analysis,Gives reasons for the recommendation and explains the logic behind alternative choices.,,,
"""These posts really are garbage lmao WEMBYS THE NEXT JORDAN TO WEMBY WILL NEVER WIN RINGS in a span of less than 1 week.""",reaction,"Pure emotional outrage + meme-like exaggeration, no structured reasoning.",,,
"""does this cycle of watching 1 game and basing your hot takes entirely on that not get old for this sub. if he has a good game on sunday people will be posting saying hes gonna win every ring for the next decade""",analysis,Explains behavior pattern (recency bias in fan reactions) using cause-effect reasoning.,,,
"""I do agree it's stupid how people talk about this Spurs team and Wemby, people keep saying ""it's fine if they lose, they're young they'll be back"" Sometimes you don't get back. They said the exact same thing about the KD Russ Harden Thunder when they lost, ""they're young and talented, they'll be back,"" and they never did""",analysis,Uses historical comparison (Thunder example) to explain uncertainty of future success.,,,
"""Well I mean this is what happens when people call him the goat and the best player in the world already... He is neither of those things and his fans are to be blamed for people shitting on him""",hot_take,Evaluative claim about player status and blame assignment; opinion is core.,,,
"""He’s only 22. He’s going to have to gain some weight. He is getting pushed around by KAT.""",analysis,Explains performance limitation via physical mismatch reasoning.,,,
"""He’s 22 and lost 2 finals games….""",reaction,Framed as emotional/statistic-like remark without reasoning or conclusion structure.,,,
"""Talk about too soon. Judging this dude on his first finals appearance.""",reaction,Emotional pushback against criticism without structured explanation.,,,
"""This doesn’t seem like one of those reactionary takes that you can chalk up to OP being 16 years old which makes it so much worse""",reaction,"Commentary on discourse tone, not basketball reasoning.",,,
"""Bro stop. He’s around a bunch of young talent. Pop system. He’s a good kid. Stop""",reaction,Emotional dismissal without structured reasoning.,,,
"""I can't think of a post that encapsulates reddit's basketball knowledge more than this one.""",reaction,"Meta-commentary expressing judgment/humor, not reasoning.",,,
"""It is a bit early to really assume anything. I will say he needs a bit more muscle. He seems to struggle more with centers that are a little heavier.""",analysis,Explains performance issue using physical matchup reasoning.,,,
"""People want to immediately crown players the GOAT these days. I don’t get it, and have been saying for weeks that we should wait until he’s won an MVP, finals, etc before you even start mentioning it. As you mention, the fact that he’s 7’4 and highly skilled doesn’t guarantee anything. He’s got a long way to go before he can be mentioned in the same breath as Jordan and LeBron, even if he certainly has the potential to be that good one day.""",hot_take,Evaluative claim about player greatness trajectory; reasoning supports opinion.,,,
"""Wemby screwed that up. He needs to make eye contact with his teammate before making that pass. But what killed them was the 8 missed free throws at home. There’s one silver lining in this game for a team with silver and black. Spurs did claw back from being 14 down. There was a moment in the game where even the Knicks fans were thinking: “Uh, oh. My Knicks are doing Knicks things again. They’re choking. They’re blowing it like the Knicks usually do. The Knicks are still the same old Knicks doing the same old Knicks things.” A disaster waiting to happen like the Dallas Cowboys. If you’re a Spurs fan, don’t give up. Spurs are finally discovering how to beat the Knicks and did outscore them those last 5 minutes. The Knicks could not score for a good 3.5 minutes. If Spurs can keep exploiting it, they still got a chance. Focus winning Game 3 and start from there. Mitch Johnson needs to make adjustments as often as he can. He cannot play his team the same way over and over. He needs to change things up to make the opponent readjust their own game plan. Don’t give up though, Spurs fans. Win at least one game these next two if you can’t win both. Then I believe a 3-1 comeback is possible when Game 5 and 7 are held at San Antonio. It’s not over. Play these Knicks like those last 5 minutes in Game 2 and make sure to make your free throws. Prove to the world that the Knicks are still the same old Knicks.""",analysis,"Contains tactical reasoning, game breakdown, and adjustment logic despite opinionated tone.",,,
"""He’s 22 relax. I say this as a Knicks fan praying for his downfall this series.""",reaction,"Emotional statement mixed with fandom sentiment, no structured reasoning.",,,
"""Fair enough. There were a lot of great teams and great players who never won it all. Winning a championship is difficult. Karl Malone, Iverson, Nash, harden and so on were all great players who had great teams but ended up facing an even greater team or were just plain unlucky. It is what it is and yeah fair point""",analysis,Explains why great players may not win championships using contextual comparisons.,,,
"""In many of these cases of ringless all time greats, it was because they either wound up in the middle of a dynasty (80s Lakers/Celtics, 90s Bulls, 2000s Lakers/Spurs, or the 2010s Cavs/Warriors) or they don’t have a good team built around them. There currently isn’t a ‘dynasty’. Wemby has a great team built around him. The Spurs are ahead of schedule by even making it to the finals and if they win that’s amazing. But let’s not forget that Wemby is in his 3rd year, Castle is in his 2nd, and Harper is a rookie. The Knicks happen to have a great matchup against the Spurs as well. To say that the young Spurs core who made the finals all before the age of 25 will never win a ring is a bit absurd.""",analysis,"Structured explanation using dynasty context, roster construction, and comparison.",,,
"""All these panic posts about a 22 year old In their first playoffs. Not just playoffs. Nba finals. It's hilarious. Go find the list of people that made it to the finals at that same age or younger as the #1 option and get back to me.""",reaction,Primarily rhetorical frustration without structured argument.,,,
"""This take is so hot that it should go to hell and burn there forever. I wholeheartedly believe that Wemby has been getting glazed too much and has prolly gotten overrated this season, but saying he's going to end up as a perennial choker should get you banned from any basketball take. His ceiling is Lebron/MJ level and he's shown flashes of that. Regardless of what you want to think, he's the main reason his team reached the finals. Unless he pulls a Ben Simmons, there's no way he's not going to win a single ring.""",hot_take,Strong evaluative stance and prediction about player legacy.,,,
"""I’m actually starting to think he’s overrated, at least on offense. He’s incredibly frustrating to watch. Down 1 with 7 seconds and you’re the tallest player on the court. Get under the basket for a tip in. He’s so fucking frustrating on offense.""",hot_take,"Judgment of player performance is central, supported by example.",,,
"""I rather see haliburton 3 peat and beat the knicks every single time than see wemby win 1 ring. He is so unlikeable""",reaction,Emotional preference and dislike; no reasoning structure.,,,
"“Zion will be a bust”\n\n“He could have a long career on just being a physical beast alone.\n\nBut I kind of agree. The hype around him is insane, and every time I’ve watched him he’s been unimpressive as a basketball player compared to his hype.\n\nI think people are letting his personality and raw power blind them a little bit... or a lot.\n\nThe hype around him is so high, I don’t think he has a good chance to even come close, almost nobody in the history of the game would. So from a hype to reality factor, he’s almost assured to be a bust.”",hot_take,Prediction/evaluation about player success without structured causal basketball mechanism,,,
"“His anti-intellectualism is OK or even funny in a vaccum. In a reality where people constantly disbelieve the scientific method and prefer Youtube truisms, where kids fucking die from things that got eradicated decades ago due to anti-vaxxers, the novelty wears off.”",hot_take,"Evaluative stance on behavior and society, not structured causal basketball reasoning",,,
“Steph Curry is way overrated. Playing on a system were absolutely everything is going right for him makes you do what he have done and put up numbers like him. We will see next year the true Curry.”,hot_take,Ranking + attribution of performance to system; mainly evaluative claim,,,
“KD is not a snake. He only looked after what's best for his career. Was NBA's best player during 2017 & 2018.”,hot_take,Value judgment and ranking claim without structured reasoning,,,
“The Nuggets are the best team in the league and Jokic is the next MVP\nThe Lakers are an exceedingly poorly constructed team yet again and will struggle to make the playoffs\nIf Devin Booker were on any other team besides Phoenix no one would know his name cause he wouldn't have a limitless green light and his top 10 WOAT defense would prevent him from getting meaningful minutes”,hot_take,Multiple rankings/predictions and evaluations,,,
"“not enough shooting for a Lebron team. You think you can rely on Danny but you'll discover soon enough last year was an anomaly, and he is not, in fact, Klay Thompson with a mohawk.\n\nHe has the nickname ""Icy-Hot"" for a reason - he shines if everything is clicking spacing wise, but since there's gonna be very little of it, Danny will struggle too - which will make spacing nonexistent.”",analysis,Structured cause-effect reasoning about roster fit and spacing,,,
"“Kawhi is overrated and not a top 5 player in the league.\n\nDefensively, he is not an elite defender because his off ball defense isn't good and he struggles both in the PnR and against quicker plays like Curry.\n\nOffensively, he doesn't do much to elevate his teammates level of play. He is a very good iso player, but that raises the floor on a team and not the ceiling.”",analysis,Structured argument with defensive/offensive breakdown,,,
"“Russell Westbrook is the third best player in the league, Kawhi is the most overrated player in the league, the player not named Lebron I would start a franchise with is Draymond Green”",hot_take,Pure rankings/opinions,,,
“Suns will finish with a better record than the Mavs & Pels this year”,hot_take,Prediction,,,
"“Westbrook is past his prime (his efficiency decline for the past 3 seasons - a sharp decline - and he had 50 TS% this last season - Lonzo bad, and he's not a good defender). He can no longer be considered a top-10 player or a superstar in the league. He can be a superstar by name like Dirk was on his last seasons, but not on-court production.\n\nHow do I know it's unpopular? I just commented it and got instantly downvoted to -20 [on an old thread!] with people calling me names lmao.”",analysis,Uses statistical reasoning to justify claim,,,
"“The NBA shouldn’t bother with OT in the regular season. Give each team a tie and don’t count the match towards their winning percentage.\n\nIf 48 minutes can’t resolve which team is better that night, they both deserve half a win.”",hot_take,Normative policy proposal,,,
"“Malcom Brogdon is a better player than Khris Middleton, and the Bucks made a mistake paying one big $ and letting the other go.”",hot_take,Comparative evaluation and judgment,,,
"“Clippers are a 2nd round exit as rim protection is more important than wing defense, and the Rockets will win 60+ games\n\nAlso Harden played better vs Golden state than anyone else, put up comparable stats to KD, but somehow is barely a top 5 player again, there's a real shitty bias about winning making shit right”",analysis,"Uses causal reasoning (rim protection, defense impact) + comparisons",,,
“Sixers just had their best team ever and lost in the 2nd round.”,hot_take,Evaluative claim,,,
“Standings should be based on this scoring system:\n\n3 Points = Regulation Win\n\n2 Points = OT Win\n\n1 Points = OT Loss\n\n0 Points = Regulation Loss”,hot_take,Structural proposal for rules,,,
"“In 2017, Russ was more deserving of that MVP than Harden”",hot_take,Ranking judgment,,,
“Jeremy Lin is experiencing something 90% of players do during their career and r/nba only feels bad for him because he is a nice guy and hes asian”,hot_take,Sociological claim about fandom behavior,,,
“Wiggins ain’t that bad. People just freak out because of his contract”,hot_take,Evaluative opinion,,,
“Clippers are overrated they don’t have any interior defenders AD and Cousins (who I think will have a comeback year) are gon eat them alive.\n\nI love Kawhi for what he did for the Raptors but he has a chronic injury he needs load management and with PG missing the beginning of the season I think that’s gon hurt them a lot especially when they’re in a deep Western Conference\n\nAlso I think people are underestimating the loss of Gallo he put up 20-6-3 last year on good efficiency”,analysis,Multi-factor roster breakdown and causal reasoning,,,
“Out of everyone from Duke last year Tre Jones will end up having the best career.”,hot_take,Prediction,,,
"“Kevin Garnett was a better player than Kobe Bryant. Kobe's championships, 81 point game, and reputation for ""tough shot making"" are easy to see but Garnett was possibly the greatest defensive player of the last twenty years, the best rebounder in the game while he played, an offensive creator unto himself, and essentially a player with no flaws.”",hot_take,Comparative ranking claim,,,
“Kawhi Leonard isn't a top 5 player.”,hot_take,Ranking opinion,,,
“People have given up on Hayward and it’s a mistake. Someone who can handle the ball and be an all round player like him doesn’t just become garbage. He is going to bounce back this year and everyone is going to act like they knew it all along. I am expecting him to be a top 20 player in the league and the second best player on the Celtics behind Kemba.”,hot_take,Prediction + evaluation,,,
“KD's decision to sign with the GSW was a great/competitive one.\n\nIt only makes sense to put an asterisk on an achievement if someone (or multiple people) on a team broke a league rule in order to gain an unfair advantage.”,hot_take,Normative judgment + justification,,,
"“Personally, Harden was absolutely the 2019 MVP, if you're averaging 36 fucking PPG and your team wins 50+ games you should be the MVP no matter what.”",hot_take,Value-based ranking with statistical reference,,,
“Ben Simmons will never get a jump shot and is wasting his time practicing. He shouldnt play PG”,hot_take,Prediction + judgment,,,
“2019 Raptors with Kawhi were better than 2020 LAC with Kawhi.”,hot_take,Comparative ranking claim,,,
"“Deangelo Russell is going to be a mistake for GSW, he will become the new Wiggins contract that everybody shits on and GSW is going to need to package a bunch of assets to get rid of him to build up a bench mob again. He was a knee jerk reaction to losing Durant and Klay for next year.”",hot_take,Prediction + evaluation,,,
"“Here are my unpopular opinions/predictions. If you want reasoning on any of them, I'd be happy to provid.\n\nKobe is top 3 all time. Could've been the GOAT if it wasn't for his mentality early on in his career.\n\nWarriors were just by far the best team last season and were incredibly unlucky.\n\nKawhi Leonard wasn't overly great in the finals and did not deserve finals MVP.\n\nCavs lucked into a finals win in 2016 with the help from the league. In saying that, if it wasn't for injuries in 2015, they would've won so it all evens out.\n\nSteph is the best player in the league currently with Harden being second or third best alongside KD.\n\nLeBron wasn't the most important player on the lakers last season, Lonzo was.\n\nSixers had a bad off-season and will only look better as the conference got significantly worse around them.\n\nNeither LA team is winning this year. A team with a loyal star will. (Rockets, Warriors, Trailblazers or Bucks).\n\nKuzma was right. Melo is better than a lot of the league but the reason he doesn't have a team is not because of his talent, but rather the fact he won't take a back seat. If he did, he would be a great bench piece.\n\nLonzo Ball is an incredible talent and barring injury, will be a top 10 player in the league.\n\nBuddy Hield has an incredible work ethic and will lead the kings to the playoffs this year. Yes he is 26 but he picked up the game late and has a lot of room to learn.\n\nThe Kings will win a title before the 76ers.\n\nRubio will have an incredible year next to Booker and having Ayton to feed. Suns will be much better.\n\nKnicks finally had a good off-season. They finally have direction which is to rebuild and have 3/5 positions already set for the future and potentially 4/5 depending on how Frank and DSJ progress.\n\nEven though MJ is the GOAT, he is probably the most overrated player of all time. LeBron is so close to him and honestly, he had the luckiest career ever and everything that happened to him was so favourable and got good calls constantly in the playoffs. He shouldn't be seen as the GOAT sportstar as Gretzky has him beat in the American sports and Don Bradman is the best internationally.”",hot_take,Multi-claim predictions and rankings,,,
“Steph Curry is the most over-rated player in NBA history.\n\nThe only reason he has a ring is because the first time every team he played had their starting PG injured.\n\nJrue Holiday\n\nMike Conley\n\nPat Beverley\n\nKyrie\n\nNext year they lost to a fully healthy Cavs team.\n\nWon the next 2 because they were stacked with KD.\n\nGood player but not great.”,analysis,Causal argument about injuries and roster strength,,,
"“Sure 2016 was a choke job, but doesn't making it to game 7 in finals count for something or does making finals only count for Lebron”",hot_take,Comparative evaluative argument,,,
"“Lebron and AD will not work just as Lebron and Bosh/Love weren’t a great fit. I understand now AD is a 2nd option vs Bosh/Love’s 3rd, but even when Love was the 2nd option in 2017-18 he only averaged 17/9. Yes, 2019-20 AD is much better than 2017-18 Love, but even when Love came to the Cavs as the best PF in the league every counting stat of his took a plunge on worse efficiency. LeBron and a star PF are really not a great fit and I cannot see the Lakers beating the Warriors, Clippers, or Rockets”",analysis,Roster fit reasoning using comparisons and stats,,,
“I like the rockets. Harden is better than Curry.”,reaction,Preference + ranking statement,,,
"""The newest Jones can really shoot!\n\nnice to see the team overcome the mediocrity of Tyus Jones and Pickett and just refuse to fold (Pickett can't even make free throws under pressure, smh). Fun to watch this mostly bench team flip the Vegas script.\n\nDavid Roddy has proved that he's ready for this level with another great game on both ends.\n\nNuggets in 5 in the 1st rd.""",hot_take,"Contains evaluations, criticism, and playoff prediction",,,
"""That Denver Match-up in the playoffs is gonna be brutal.""",hot_take,Predicts difficulty of matchup,,,
"""Just glad Jokic played. MVP for me.""",reaction,Pure sentiment and preference without reasoning,,,
"""This team is not good when both centers sit""",analysis,States a cause-effect performance condition,,,
"""Fox shot 2-10/0-6 in the 4th Q, , Castle 0-2, and Vassell 1-3/0-2 - and the Spurs were 1-14 from three in the quarter.\n\nSo it was more of a guard problem.""",analysis,Uses stats to infer causal explanation,,,
"""Center is the most important position in basketball. That is why most seasons even mediocre centers have insane +/- if their team doesn’t have a decent backup""",analysis,General reasoning linking position value to performance outcomes,,,
"""One of the most difficult things in sports is to keep the expectations level during the season. If last November someone had told Spurs fans they would win 62 games and end the season as the #2 seed, they would have lost their minds. Now they are pissed they got locked into the #2 seed and have to play the Nuggets in the second round?\n\nRemember what the preseason expectations were. Remember what was hoped for at the start of the season. That's all I'm saying.""",analysis,Explains psychological expectation dynamics and framing,,,
"""The issue isn’t the 2 seed\n\nIt’s that they had full control over who they play in the second round, with the nuggets resting everyone but Jokic for half a game, and still fumbled""",hot_take,Judgment of strategic failure and blame assignment,,,
"""Such a weird thing to say. Just because pre season expectations were lower doesn't mean you blow a chance to secure an easy path to the conference finals against a team resting their players.""",hot_take,Argumentative opinion evaluating decision,,,
"""Maybe Wemby really is MVP""",hot_take,Speculative evaluation/claim,,,
"""Nuggets tried to throw the game, Spurs starters said nope!""",reaction,Meme-like narrative with no structured reasoning,,,
"""people harp on how serious teams shouldn’t need to duck others, but matchups matter and if you have a chance like this to make it easier on yourself you should take it.""",analysis,Explains strategic reasoning about matchups,,,
"""Generational fumble, especially if Denver takes them out""",hot_take,Strong evaluative judgment and prediction,,,
"""Why did Denver want to win\n\nWhy did the spurs let them?""",reaction,Rhetorical emotional questioning without reasoning,,,
"""On an organizational level, I don't think the Nuggets really cared who won.\n\nBut David Roddy, Bruce Brown, Jonas Valencuinas, Julian Strawther, and Curtis Jones sure wanted to win.""",analysis,Interprets motivations across organizational vs player levels,,,
"""I feel like we match up well against the spurs so I'd rather be on their side of the bracket.""",hot_take,Preference-based evaluation,,,
"""Big win for OKC and houston. Big loss for spurs and wolves. Ironically doesn't change much for denver""",hot_take,Outcome evaluation without causal reasoning,,,
"""Is it weird that I’m more scared of the nuggets than OKC? Jokic is a matchup nightmare for us""",reaction,Emotional preference and fear expression,,,
"""Getting an extra 20 minutes of Wemby rest and going from one of the easiest playoff brackets I can imagine to one of the hardest. Absolutely horse shit decision""",hot_take,Strong evaluative judgment of decision,,,
"""Spurs are doing the worst these days, what's that ? He wanted to play... And Fox? Reminds me how much he's paid ?""",reaction,Fragmented emotional complaint,,,
"""To put Denver in the 4 spot so they don’t have to play Denver in the second round""",analysis,Explains strategic intent/causal reasoning,,,
"""Nuggets just gifted Thunder their 2nd ring\n\nOR\n\nJokic is about to have his Dirk ring""",hot_take,Speculative ranking/prediction framing,,,
"""I never saw Shaq play. For people who did,is David Roddy the closest thing to him?""",reaction,Informational question/comparison request,,,
"""Spurs are fucking terrified at the thought of seeing Denver in round 2. Unreal man lmao.""",reaction,Emotional exaggeration/meme statement,,,
"""This Spurs squad is not making it out of the semis.\n\nThe shooting is just not good enough.""",hot_take,Prediction with brief reasoning,,,
"""Nuggets gonna beat Spurs again in the playoffs haha""",hot_take,Prediction with emotional tone,,,
"""Spurs will not see heaven""",reaction,Hyperbolic emotional statement,,,
“i blame that bum ass luke kornet. why did we sign a backup center who also needs rest? now in the offseason we gota get our backup center a backup”,reaction,Emotional rant with no structured reasoning,,,
“Bro did too much hip shaking and it cost us dearly 💔”,reaction,Meme-like emotional attribution without reasoning,,,
“Can someone clip those Fox triple bricked threes at the end. Was hilarious how hard those things hit the rim”,reaction,Humorous reaction request,,,
"“The ""ethical"" Spurs played 4 starters in a meaningless game (for them) just to try to avoid Denver in Rd2.....and lost to the G-League Nuggets. That's incredible basketball karma.”",hot_take,Judgment + narrative framing of karma,,,
“tried to duck the nugs and failed”,reaction,Meme-like summary,,,
"“Great season, PATHETIC end, for San Antonio. This one game brings big repercussions. Gives okc an easy 2nd round match up. Best they can hope for is a 2nd round exit because Denver is a terrible match up for the Spurs. And that's if they make it out of the first round.”",hot_take,Evaluates season + predicts outcomes,,,
"“Yeah this is something that was big, while Spurs played many of their regulars, they clearly weren’t going all out. Maybe their higher ups told them not to idk but Denver absolutely went all out”",analysis,Attempts causal explanation of effort levels,,,
“I understand this part. I don't understand SAS not caring about the outcome here.”,reaction,Confusion/emotional stance,,,
"“They clearly tried and planned to win, they just couldn’t get it done without Wemby”",analysis,Cause-effect explanation of outcome,,,
“pathetic effort by san antonio. They played 4/5 of their starters and lost by dbl digits to DEN's misfit toys lineups”,hot_take,Judgment + insult,,,
"“This was one of the most nonsensical games I can remember. The Spurs easily could have played Wemby today instead of against Dallas. He needed one more game, and he still has a week off. But they chose to sit him. Fine, I guess. But then they play hard as hell at the end with 4-5 starters playing healthy minutes and even going all out with traps at half-court. Like, if you cared that much just play Wemby his 25 minutes here and win by 20.”",analysis,Step-by-step causal critique of decisions,,,
“Spurs were literally pulling out all the stops to win this in the second half and still lost by double digits. Hilarious.”,reaction,Reaction to outcome,,,
“Spurs are legitimately ass how the fuck did this roster win 62 games”,reaction,Emotional insult + surprise,,,
“The spurs trying their absolute hardest to win and bricking everything was pretty hilarious lmfao”,reaction,Emotional reaction,,,
“It’s actually crazy that San Antonio was actively trying to win this game by playing Fox and castle as much as they did and they still lost. This team is terrified of Denver.”,hot_take,Interprets intent and outcome,,,
“Did anyone besides Wemby and Kornet sit? They think the Nuggets legend Big Body Roddy would just lay down?!”,reaction,Rhetorical/emotional questioning,,,
“Haven't seen a comeback go that ice cold since 0-27.”,reaction,Meme comparison without reasoning,,,
"“Enjoy dealing with the Nuggets, Spurs. Last years’ series with them aged me 10 years”",reaction,Emotional statement/prediction,,,
“God i hope it pays off. Spurs and nugs are clearly contenders out of the west and only having to play the winner of those instead of both is a miracle. Almost had a Dirk Mavs path to a title lined up. Not that anything is guaranteed. Weird shit can happen in playoffs.”,analysis,Explains strategic playoff path reasoning,,,
“This was one of the most nonsensical games I can remember.”,hot_take,Pure evaluation without reasoning,,,
“Well it is what it is. Third seed it is 🤷. Too ethical to tank.”,reaction,Emotional resignation + sarcasm,,,
"“I don't get what the plan was, both in terms of in-game and seeding purposes. We rest Wemby (not even letting him play 15 minutes) so that he can get a rest, only for us to have to play the team that is quite obviously a cut above anyone else 3-6 in a seven game series?”",analysis,Explains reasoning and strategic confusion,,,
“Mitch not playing kornet or wemby to get better seeding has just changed the entire trajectory of the playoffs what a disasterclass”,hot_take,Evaluative claim about consequences/strategy,,,
“Spurs deserved this loss as soon they stepped on the floor. Props to the Nuggets 3rd team who truly came to play.”,hot_take,Judgment + praise framing,,,
“Nuggets bench mob proving their worth the last 2 games lmao. Who is this Roddy guy”,reaction,Casual reaction + curiosity,,,
“Roddy made an impressive showing. The Nuggets carpe diem!”,reaction,Evaluative praise + expressive tone,,,
“Val looked like Jokic with Carter Bryant at C the whole 2nd half I don’t understand why couldn’t have Kornet at least played”,analysis,Comparison + causal confusion,,,
“Fox brick three offensive rebound Fox brick three offensive rebound Fox brick three is the funniest sequence i've seen in awhile”,reaction,Meme-like reaction to sequence,,,
“Tonight’s biggest winners are the Thunder haha”,hot_take,Outcome evaluation,,,
“Denver is by far the Spurs worst matchup and seeing them not beat the second stringers is funny. If Jokic is able to get through the gauntlet of Wolves/Spurs/Thunder and whoever gets out of the east that would be the best playoff run ever.”,hot_take,Explains matchup difficulty + narrative reasoning,,,
“MIN/SAS/OKC/BOS playoff is easily one of the hardest runs to date”,hot_take,Comparative evaluation of difficulty,,,
“I mean you could say the same thing with the Nuggets.”,analysis,Comparative reasoning counterpoint,,,
“Any smart team would see either playing both DEN and OKC or only playing one and rather only play one en route to the finals.”,analysis,Strategic reasoning about optimal path,,,
"“We will probably have to play OKC either way, but I'd rather play a better team later in the bracket.”",analysis,Strategic comparison reasoning,,,
"“Yes he is. The point is how good will the Spurs be when Castle is the 3rd or 4th best player? Imagine if/when Harper improves enough to be better than Castle or the flip Fox for a huge upgrade or draft a guy that really pops and this fantastic player, who used to be your #2, is now a 3rd or 4th option.”",analysis,Explains future roster impact and cause-effect team construction,,,
“Oh I see now. Still think castle has a ton of untapped potential and can definitely develop into a guy who’s capable of winning the championship as his team’s 2nd best player.”,hot_take,Prediction and evaluation of future ability,,,
“nah wemby still exists”,reaction,"Short dismissive meme-like correction, no reasoning",,,
"“The Fox/Randle comparison is so spot on it hurt to read as a TWolves fan. ""Raise your floor but not your celiing"" is exactly what Randle was for MN. Need him to go this summer...”",hot_take,Evaluation + player comparison judgment,,,
"“I love the TWolves. Love Ant. Gobert has grown on me as he doesn’t seem as insufferable as he was in Utah. The water filter bit when talking about Wemby cracked me up. If I could add one player in the league to OKC that has not made an All-Star game, it would be Jaden McDaniels. What a tough dude.”",reaction,"Emotional appreciation, fandom, no structured reasoning",,,
“Agreed. Don’t let it be an act just be the tough dude in your team.”,reaction,"Agreement + motivational tone, no reasoning",,,
“I love most of the Spurs lineup. I will give Chet some flowers for being aggressive against Chet last night.”,reaction,"Emotional appreciation + slang praise, no causal reasoning",,,
"“Chet still too in his head and it shows with his inability to catch and shoot. Instead he pump fakes, dribbles, and shot clock expires because it ends up an awkward 8 second ordeal”",analysis,Explains performance issue with cause-effect description,,,
"“To be fair, that is too often his offensive bag, regardless of opponent.”",analysis,Generalizing pattern across situations,,,
“Well posted sir. I don’t think Chet has fully regained his confidence since last year’s injury personally.”,analysis,Cause-effect explanation (injury → confidence/performance),,,
“It’s the lowest form of nba discourse. Timberwolves have yet to win an nba championship this season? Time to discuss trading their 24 year old superstar to a bigger market.”,hot_take,Judgment about discourse quality and media behavior,,,
“Stephen A did some bullshit this past week too saying they need to get Ant some help or a second star to play with or else he’s going to want to move on. Two morons just yapping”,hot_take,Opinionated critique of analyst and prediction framing,,,
“Keep in mind that moron years ago suggested getting Devin Booker for Kyle Kuzma and “maybe a pick”.”,reaction,Insult + recall of past take without reasoning,,,
"“Windy said on his podcast that he did a segment of 5 ""realistic"" trades for Giannis on First Take. He spoke about how much backlash he got on it, but that the 5 ideas were not his ideas of a good trade but ones that ESPN told him to push. It was all Lakers, Golden State, Knicks, Clippers, and I think Houston.\n\nJust fun to see Windy slightly reveal what we have been seeing for years. The talking heads get pressured from ESPN to speak these things into reality, stars forcing themselves to big markets.\n\nAlso, fuck Perk”",analysis,Explains media incentive structure and cause-effect (ESPN pressure → narratives),,,
“This is purposeful rage bait. Perk constantly says crazy stuff because it gives him engagement. ESPN talking heads are all about the engagement above all us. He put zero research into this; he didn't even confirm the players' ages.”,analysis,Explains motivation and incentive structure (engagement-driven media behavior),,,
“I was more annoyed with Chris B’s reason for that more than Perk. We all know perk is an idiot.”,hot_take,Emotional judgment + insult,,,
“Is Perkins drinking on the job or something? Let's not abuse the remote work privileges”,reaction,"Meme-like sarcasm, no reasoning",,,
“There's no way that title ends with nthony edwards does it?”,reaction,"Confused/emotional speculation, no reasoning",,,
“Garbage takes. Cringeworthy at best.\n\nDonte is doing great and looks almost at peak form”,hot_take,First part is evaluation; second is player performance judgment,,,
"""What's crazy is the Wolves aren't even doing poorly. Like sure we havent been great this season, but 15-8 is good, we aren't a bottom feeder.""",analysis,Uses comparison to record and context to argue team performance is actually strong,,,
"""Just the typical they want to see a superstar in a big media market darling and fuck the small markets. I’m glad Richard Jefferson at least has a brain in this video to call him out.""",hot_take,Evaluative judgment about media bias and praise/insult framing,,,
"""Minnesota isn't even a small market - which Richard Jefferson says in the full clip. He says it's a good market. It's not LA or NY or Chicago but it's not a small market. I hate that narrative.""",analysis,Explains classification of market size with comparison and reasoning,,,
"""The Wolves are a game and a half out of the two seed. That’s how lazy even the suggestion is.""",hot_take,Uses standings as evidence to criticize a claim (evaluation-based conclusion),,,
"""Literally on 40-20 pace. The west is just stacked so we're like a 6 seed on paper""",analysis,Explains performance vs perception using cause-effect (conference strength),,,
"""Also last 2 years we started 17-6 and 12-11.. It's not like this is an abnormally bad start for a team with 2 wcf in a row""",analysis,Uses historical comparison to explain current expectations,,,
"""We are actually now ahead of our 2024 2025 pace. These guys are fucking stupid.""",analysis,First sentence is analytical comparison of team pace; second is opinionated insult,,,
"""That shit was embarrassing to watch. I’m not surprised tho, Perk is the worst.""",hot_take,"Emotional judgment and insult, no reasoning",,,
"""Watching him on the New Orleans broadcast the other day was some of the worst basketball commentary I've ever heard. Not so much because of Perk, but because their announcers are the whiniest, homer-est complainers I've ever heard. Every single call was an injustice to the Pelicans players and any call that went the Wolves way was because Ant ""gets superstar calls"" or ""that's what happens when you have a superstar on your team"" lol Perk didn't call any of it out, he just went along with it.""",hot_take,Strong evaluative critique of commentary quality,,,
"""Perk is a clown.""",reaction,Pure insult with no reasoning,,,
"""Kendrick Perkins is just Gilbert Arenas with a ring.""",hot_take,Comparison + evaluative claim,,,
"""KG should have gotten Perk’s ring as well for that year""",reaction,"Hypothetical joke, no reasoning",,,
"""Garbage takes. Cringeworthy at best. Donte is doing great and looks almost at peak form. Gobert is doing just fine. We need another big man to compliment him when he’s on a break. I think that’s our biggest need. Most will say point guard. It’s a close second but, not first. IMO Perk is a clown.""",hot_take,Mix of evaluative judgments and roster assessment; primarily opinion-based evaluation,,,
"""As long as the Lakers and Knicks exist, there will always be trade discussions for talent outside of those cities. The NBA wants that""",analysis,Explains structural incentive of media/league market dynamics,,,
"""This is the dumbest shit I’ve ever heard. They are starting some shit just to make headlines""",hot_take,Strong evaluative dismissal,,,
"""I’d never watch an NBA game again if the Wolves traded Ant within the next 3 years""",reaction,"Emotional hypothetical statement, no reasoning",,,
"""The only Wolves content I consume are the guests Dane has on his podcast and my sanity is so much better because of it. Like most things in life, trust local.""",reaction,Personal preference + expressive commentary,,,
"""They were in the same situation last year. They will turn it up after the Allstar game""",hot_take,Prediction based on past pattern comparison,,,
"""I must’ve missed the part where the heat came back 3-1 on Bron’s Cavs right before the decision.\n\nAlso must’ve missed the heat winning an nba record 73 games the year before Bron joined.""",analysis,Uses historical comparisons and cause-effect critique of claims,,,
"""we haven’t had a back to back winner in a decade and yall want me to believe they “ruined basketball” LMFAOOOOOOOOOOO engagement farming is getting good man holy shit, you got me""",reaction,Emotional sarcasm and laughter without structured reasoning,,,
"""Holy casual if you think LeBron started it lol""",reaction,"Insult + dismissive emotional response, no reasoning",,,
"""I see what you’re saying and don’t disagree with the logic. Star players taking a pay cut to play together to win a championship is not the same thing as ownership moving payroll and building a team through acquisitions.\n\nBut I also think players have a right to determine what they value, and if they value winning a chip more than money or building a legacy at 1 team, they should take a pay cut and try and get what they’re after. I just hope if they do, it’s on my team so I can benefit from it as a fan.""",analysis,Structured reasoning distinguishing mechanisms (ownership vs player choice),,,
"""People can be mad at all of them, no? Also, who cares? More important shit happening the world. Move on.""",reaction,Emotional dismissal + opinion without reasoning,,,
"""There were 27 teams when Shaq entered the NBA. So he would've been right... in 1995.""",analysis,Cause-effect correction using historical fact,,,
"""How’s he supposed to know they added three more teams, while he was still a player""",analysis,Explains reasoning about knowledge/time context,,,
"""Shaq doesn't watch basketball so I'm surprised he's that close""",analysis,Cause-effect reasoning (lack of watching → accuracy),,,
"""There’s 29 teams without Wemby and 1 team with Wemby.""",reaction,"Meme-like exaggeration, no reasoning",,,
"""Theres 29 teams. There's 1 government project funded by NASA called the Spurs.""",reaction,Pure joke/meme comparison,,,
"""More successful than NASA: The Spurs' SETI program has actually made contacted with--and drafted--an alien.""",reaction,"Humorous exaggeration, no reasoning",,,
"""Kendrick Perkins is right there.""",reaction,"One-line sarcastic comparison, no reasoning",,,
"""What you need Shaq for when you can have a perk?""",reaction,Rhetorical joke comparison,,,
"""Shaq is smart, he just doesn't care about basketball and doesn't take pride in his work. The annoying thing is he thinks his poorly informed opinions should count for a lot because he was a great player, even though it's abundantly clear he barely watches the sport now.""",analysis,Cause-effect reasoning about behavior → perception,,,
"""It’s good thing you don’t watch more tv.""",reaction,"Insult, no reasoning",,,
"""Dr. O’Neil to you""",reaction,Meme/quip,,,
"""The show is about entertainment. Basketball analysis is secondary.""",analysis,Explains purpose/structure of show,,,
"""Shaq will be dead in the ground before he recognizes the hornets, wizards, or nets as a legitimate team""",reaction,Hyperbolic insult/joke,,,
"""I mean, I think we can just safely relegate those teams to the G-league at this point and nobody would realize they were gone.""",reaction,Hyperbolic opinion joke,,,
"""Hilarious which is what gives the show its charm, they’re not trying to be something they aren’t, and they can be self deprecating. I don’t need Shaq to know all of the coaches, that’s not what he’s there for.""",analysis,Explains reasoning about purpose of show,,,
"""Anther way to look at it. ""I only know the names of 3 coaches.""""",reaction,Fragment + humorous paraphrase,,,
"""Where would Shaq be without sports?""",reaction,Rhetorical emotional question,,,
"""I haven't kept up with the league outside of the Lakers in years at this point. I can probably name like 5 coaches if I'm lucky.""",reaction,Personal anecdote without reasoning structure,,,
"""can't believe people watch this idiocy from ol' mumblemouth""",reaction,Insult/emotional reaction,,,
"""Bro hasn't watched a game since the expansion.""",reaction,"Joke insult, no reasoning",,,
"""To be fair, 30 is counting teams like the Kings, Wizards, and Hornets""",analysis,Explains counting method,,,
"""Don't know why people are so nostalgic for this. Watching the prime pregame was refreshing. You had actual intelligent former players talk about the game.""",hot_take,Evaluation of past vs present commentary,,,
"""I don't expect much from mister 'but does he have rings'. These guys are funny, but Ernie's the only one who has any business talking ball.""",hot_take,Judgment + ranking of analysts,,,
"""They’re all traveling.""",reaction,Short assertion with no explanation,,,
"""I'll go a little deeper.\n\nPlayers aren't that much more skilled than past generations but the refs don't call the travels carrys and double Dribbles like they used to""",analysis,Cause-effect claim about officiating vs skill perception,,,
"""And moving screens. The entire leagues spacing and shooting is aided by 100% illegal screens""",analysis,Explains gameplay effect via cause (screens → spacing),,,
"""Two things can be true at the same time. Offensive players have way more freedom now, but every sport played is more skilled than it was 30 years ago. There are far too many resources and science behind the game to pretend athletes haven't progressed.""",analysis,Structured reasoning comparing eras and training evolution,,,
"""The rule enforcement or relaxation is a big part of the game is the way it is.""",analysis,Explains impact of enforcement on game,,,
"""I second this wholeheartedly""",reaction,No content/stance beyond agreement,,,
"""I actually enjoy watching the Modern NBA….""",reaction,Simple sentiment without reasoning,,,
"""Do people really say Jordan wasn't a dick? It's been well-documented since the early 90s with the book Jordan Rules""",reaction,Rhetorical/emotional rebuttal,,,
"""It takes way more skill to play defense in this day and age. Old heads love to talk about real defense being played in the 80s and 90s but it’s so much easier to defend when you’re allowed to hand check, hack and damn near clotheslines someone without major repercussions. I think most defenders from that era would have a much harder time now trying to actually stay in front of their man instead of just being extremely physical, but the cream of the crop would still be pretty great defenders like GP and Pippen.""",analysis,Comparative era reasoning with cause-effect rules changes,,,
"""His rookie season (2019) the Mavs missed the playoffs with a dwindling superstar in Dirk and not much else. Mavs missed in 2023. His teams made the playoffs in 2020, 2021, 2022, 2024, 2025, 2026. 6/8 seasons in the playoffs.""",analysis,Factual/statistical explanation,,,